{
    "type": "crafting_shapeless",
    "ingredients": [
        "minecraft:item_frame",
        "minecraft:glass_pane"
    ],
    "result": {
        "id": "item_frame",
        "count": 1,
        "components": {
            "entity_data": {
                "id": "item_frame",
                "Invisible": true
            },
            "rarity": "rare",
            "enchantment_glint_override": true,
            "item_name": "[{\"translate\":\"effect.minecraft.invisibility\",\"italic\":false,\"color\":\"aqua\"},{\"text\": \" \"},{\"translate\":\"item.minecraft.item_frame\"}]",
            "lore": [
                "[{\"translate\":\"effect.minecraft.invisibility\",\"italic\": false,\"color\": \"gray\"},{\"text\": \" \"},{\"translate\":\"effect.duration.infinite\"}]"
            ]
        }
    }
}